Order,,,,,,,
order_id,product_1,product_2,product_3,earliest_start_time,latest_end_time,,
order_1,30,100,90,2022/10/4 9:00,2022/10/14 10:00,,
order_2,70,90,10,2022/10/4 9:00,2022/10/14 15:00,,
order_3,60,50,0,2022/10/3 9:00,2022/10/15 19:00,,
order_4,90,10,30,2022/10/3 9:00,2022/10/13 15:00,,
order_5,60,30,80,2022/10/3 9:00,2022/10/15 17:00,,
order_6,30,0,70,2022/10/5 9:00,2022/10/17 11:00,,
order_7,10,100,50,2022/10/2 9:00,2022/10/14 18:00,,
order_8,20,20,0,2022/10/2 9:00,2022/10/13 17:00,,
order_9,50,0,100,2022/10/4 9:00,2022/10/15 13:00,,
order_10,10,60,60,2022/10/1 9:00,2022/10/13 11:00,,
order_11,30,10,90,2022/10/2 9:00,2022/10/13 12:00,,
order_12,0,80,50,2022/10/4 9:00,2022/10/15 18:00,,
order_13,70,70,10,2022/10/1 9:00,2022/10/12 19:00,,
order_14,60,80,100,2022/10/4 9:00,2022/10/16 12:00,,
order_15,0,40,0,2022/10/3 9:00,2022/10/14 19:00,,
,,,,,,,
Resource,,,,,,,
workspace,machine_tool,advanced_machine_tool,personnel,senior_personnel,equipment,advanced_equipment,
machining,8,7,20,8,8,7,
assembly,7,5,15,8,8,6,
,,,,,,,
Process_Resource,,,,,,,
part_id,machine_tool,advanced_machine_tool,personnel,senior_personnel,equipment,advanced_equipment,
process_1_a,3,0,1,2,3,0,
process_1_b,4,2,2,2,3,2,
process_1_c,3,1,1,0,1,2,
process_2_a,2,1,4,1,2,0,
process_2_b,0,0,1,1,0,1,
process_3_a,1,2,4,1,2,0,
process_3_b,0,2,5,2,0,0,
process_4_a,1,2,5,0,1,0,
process_4_b,1,1,1,0,1,0,
process_4_c,0,1,1,2,2,1,
process_5_a,3,0,2,2,2,2,
process_5_b,4,0,5,0,0,0,
process_5_c,0,2,0,3,1,2,
process_end_A,3,2,1,1,3,2,
process_end_B,1,2,3,2,3,1,
process_end_C,2,0,3,1,2,2,
,,,,,,,
Process,,,,,,,
semi_product_id,part_id,prev_part_id,production_mode,production_time,minimum_production_quantity,maximum_production_quantity,workspace
product_semi_a,process_1_a,,SP,2,1,1,machining
product_semi_a,process_1_b,process_1_a,SP,3,1,1,machining
product_semi_a,process_1_c,process_1_b,SP,2,1,1,machining
product_semi_b,process_2_a,,SP,3,1,1,machining
product_semi_b,process_2_b,process_2_a,BP,18,1,6,machining
product_semi_c,process_3_a,,SP,1,1,1,machining
product_semi_c,process_3_b,process_3_a,SP,3,1,1,machining
product_semi_d,process_4_a,,SP,2,1,1,machining
product_semi_d,process_4_b,process_4_a,BP,20,1,10,machining
product_semi_d,process_4_c,process_4_b,SP,3,1,1,machining
product_semi_e,process_5_a,,SP,2,1,1,machining
product_semi_e,process_5_b,process_5_a,SP,1,1,1,machining
product_semi_e,process_5_c,process_5_b,BP,15,1,5,machining
product_1,process_end_A,,SP,4,1,1,assembly
product_2,process_end_B,,SP,5,1,1,assembly
product_3,process_end_C,,SP,5,1,1,assembly
,,,,,,,
Semi_Product,,,,,,,
product_id,semi_product_id,,,,,,
product_1,product_semi_a,,,,,,
product_1,product_semi_b,,,,,,
product_1,product_semi_c,,,,,,
product_1,product_1,,,,,,
product_2,product_semi_a,,,,,,
product_2,product_semi_d,,,,,,
product_2,product_semi_e,,,,,,
product_2,product_2,,,,,,
product_3,product_semi_c,,,,,,
product_3,product_semi_d,,,,,,
product_3,product_3,,,,,,
